01_-_01_Les_Jardins_Japonais,s
01_-_10min,s
01_-_2006-Un_ptit_peu_amoureux,s
01_-_A_better_Life,s
01_-_A_city,s
01_-_A_CONTRE_COURANT,s
01_-_Ainsi_chantait_le_poete,s
01_-_alice,s
01_-_Aline_1,s
01_-_A_linstant,s
01_-_Ample_Choix,s
01_-_A_new_singing_song,s
01_-_Angels_Of_Crime,s
01_-_Annie,s
01_-_Antikultura,s
01_-_A_smile_on_your_face,s
01_-_A_song_for_memory,s
01_-_Astor,s
01_-_Atlantide,s
01_-_Atmosphere,s
01_-_Auf_einem_anderen_Stern,s
01_-_Aura,s
01_-_Bambax,s
01_-_Bang_Bang,s
01_-_Bla_bla_bla,s
01_-_Burn,s
01_-_Cest_a_toi,s
01_-_Cest_dans_lere,s
01_-_Chanson_engagee,s
01_-_Chanson_pour_moi,s
01_-_Its_Easy,s
01_-_Le_regard_des_autres,s
01_-_Ok,s
01_-_Perdre_le_Nord,s
01_-_Seven_Months,s
01_-_Sunken_Sailor,s
01_-_Sunlight,s
01_-_swallow,s
01_-_The_Final_Rewind,s
01_-_Visa_pour_hier,s
02_-_aint_that_far,s
02_-_Catin_dharmonie,s
02_-_Colombia,s
02_-_emporte-moi,s
02_-_Give_me_a_sign,s
02_-_La_fille_du_bar_tabac,s
02_-_Once_Again,s
02_-_Open_your_eyes,s
02_-_Politique_dautruche,s
02_-_Silver_Spoon,s
02_-_Spread_The_News,s
02_-_The_Game,s
02_-_The_Louise_XIV_Cathorse,s
02_-_World_that_you_know,s
02_-_You_should_have_been_there,s
03_-_castaway,s
03_-_Each_tear,s
03_-_Everything,s
03_-_Marion_in_the_Morning,s
03_-_Modern_Life,s
03_-_Paris_la_mort,s
03_-_Samedi_pas_grand_chose,s
03_-_Say_me_Good_Bye,s
03_-_School,s
03_-_Si_Dieu,s
03_-_Une_charogne,s
04_-_Believe,s
04_-_Healing_Luna,s
04_-_Inside,s
04_-_You_are,s
05_-_05_LIrlandaise,s
05_-_16_ans,s
05_-_2003-Circonstances_attenuantes_part_II,s
05_-_Angeliques,s
05_-_Animal,s
05_-_Anyway,s
05_-_A_Poings_Fermes,s
05_-_Argeles,s
05_-_As_Longas_Passagens,s
05_-_Au_Mage,s
05_-_Aux_Cieux__Tu_es_mon_Dieu,s
05_-_Bandicape,s
05_-_Bazooka_enraye,s
05_-_Black_Box,s
05_-_Bleu_horizon,s
05_-_Bucle_Paranoideal,s
05_-_Budenzauber,s
05_-_Callypige_palindrome,s
05_-_Cecilia,s
05_-_Change,s
05_-_Crepuscule,s
05_-_Dance,s
05_-_Elles_disent,s
AimeeNorwich_Flying_MIX,i
AlexBeroza_-_To_Be_Sensitive__with_mindmapthat_,i
AmarLal_Rest_MIX,i
AmarLal_SpringDay1_MIX,i
casimps1_-_Bingo__B-I-N-G-O_,i
casimps1_-_Could_Be,i
casimps1_-_Itsy_Bitsy_Spider,i
casimps1_-_Twinkle_Twinkle_Little_Star,i
ChrisJacoby_BoothShotLincoln_MIX,i
ChrisJacoby_PigsFoot_MIX,i
copperhead_-_Need_You_Baby,i
CroqueMadame_Oil_MIX,i
CroqueMadame_Pilot_MIX,i
doxent_-_Alice_In_the_City,i
EthanHein_1930sSynthAndUprightBass_MIX,i
EthanHein_BluesForNofi_MIX,i
EthanHein_GirlOnABridge_MIX,i
EthanHein_HarmonicaFigure_MIX,i
geertveneklaas_-_Blue_Boy,i
Javolenus_-_King_Henry__Border_Ballad_,i
Javolenus_-_You_Don_t_Get_In_Touch_Anymore,i
JoelHelander_Definition_MIX,i
JoelHelander_ExcessiveResistancetoChange_MIX,i
JoelHelander_IntheAtticBedroom_MIX,i
Kamihamiha_-_A_Spatial_Voyage_From_A_To_B__Stems_,i
Kamihamiha_-_Kamihamiha_-_No_Peace_For_The_Middle_East__Full_Stems_,i
Kamihamiha_-_Kamihamiha_-_Trash_The_Disco__Stems_,i
KarimDouaidy_Hopscotch_MIX,i
KarimDouaidy_Yatora_MIX,i
MatthewEntwistle_AnEveningWithOliver_MIX,i
MatthewEntwistle_FairerHopes_MIX,i
MatthewEntwistle_TheArch_MIX,i
MatthewEntwistle_TheFlaxenField_MIX,i
MichaelKropf_AllGoodThings_MIX,i
mindmapthat_-_Not_So_Happy_Holidays,i
mindmapthat_-_The_Scuffle_of_Mouth_Sounds_and_the_Magnificent_Uke,i
Mr_Yesterday_-_King_Richard_s_Blues__harp_added_,i
MusicDelta_BebopJazz_MIX,i
MusicDelta_Beethoven_MIX,i
MusicDelta_CoolJazz_MIX,i
MusicDelta_FreeJazz_MIX,i
MusicDelta_FunkJazz_MIX,i
MusicDelta_FusionJazz_MIX,i
MusicDelta_GriegTrolltog_MIX,i
MusicDelta_InTheHalloftheMountainKing_MIX,i
MusicDelta_LatinJazz_MIX,i
MusicDelta_ModalJazz_MIX,i
MusicDelta_Pachelbel_MIX,i
MusicDelta_Shadows_MIX,i
MusicDelta_SpeedMetal_MIX,i
MusicDelta_SwingJazz_MIX,i
MusicDelta_Vivaldi_MIX,i
MusicDelta_Zeppelin_MIX,i
Nikmusik_-_Little_White_Lies,i
Per_-_Orange__Room_29_MMXIII_,i
Phoenix_BrokenPledgeChicagoReel_MIX,i
Phoenix_ColliersDaughter_MIX,i
Phoenix_ElzicsFarewell_MIX,i
Phoenix_LarkOnTheStrandDrummondCastle_MIX,i
Phoenix_ScotchMorris_MIX,i
Phoenix_SeanCaughlinsTheScartaglen_MIX,i
stellarartwars_-_Elements___stems_,i
stellarartwars_-_Emma__Barnstormer_Mix__inc_stems,i
stellarartwars_-_Finally_Found__Dense_Robin_Mix_,i
stellarartwars_-_Go_Time__scratched_perversion_mix__inc_stems,i
stellarartwars_-_Human_Race__A_Rotten_Race_For_Elvis_Mix__inc_stems,i
stellarartwars_-_I_Will_Follow__Rachel_s_Revenge_Mix__inc_stems,i
stellarartwars_-_Love_Liberation__inc_stems_,i
stellarartwars_-_Lucky_Boy__Rampton_Hill_Mix__inc_stems,i
stellarartwars_-_Music,i
stellarartwars_-_Occupy_Walk__Molested_Mix_,i
stellarartwars_-_On_A_Silent_Night,i
stellarartwars_-_Orange__I_m_In_The_Mood_For_Trancing_Mix_,i
stellarartwars_-_Perfectly_4_U__rough_stems_,i
stellarartwars_-_Pheromones__slightly_retro_happy_mix__stems,i
stellarartwars_-_Square_Bidness__SAW_Rapperboy_Mix__stems,i
stellarartwars_-_Sweet_Seduction_2__Romilar_Mix_,i
stellarartwars_-_To_Be_Sensitive__inc_stems_,i
stellarartwars_-_Winter_Glow__SAW_liquid_d_b_mix_,i
TablaBreakbeatScience_Animoog_MIX,i
TablaBreakbeatScience_MoodyPlucks_MIX,i
TablaBreakbeatScience_PhaseTransition_MIX,i
TablaBreakbeatScience_Scorpio_MIX,i
TablaBreakbeatScience_Vger_MIX,i
TablaBreakbeatScience_WhoIsIt_MIX,i
tmray_-_Forget_It_-_Demo,i
tmray_-_Roulette,i
unreal_dm_-_Big_John__with_snowflake_,i
unreal_dm_-_Californian_Winter,i
unreal_dm_-_Jerusalem,i
unreal_dm_-_Just_Beginning,i
VJ_Memes_-_What_Child_is_This__With_Admiral_Bob_,i
VonKorf_-_Marktversagen,i
